{
    "2": 0.00046311685110419755,
    "3": 0.00482537880344051,
    "4": 0.02036967182195398,
    "5": 0.04660300054901756,
    "6": 0.08275225862835246,
    "7": 0.12290897139506482,
    "8": 0.14999383755802967,
    "9": 0.1521077418945214,
    "10": 0.13269418228129867,
    "11": 0.10417514780523696,
    "12": 0.0758055058617895,
    "13": 0.051753308110894077,
    "14": 0.03404655818278923,
    "15": 0.02150132025650698,
    "count": 267751
}