{"count":2171512,"A":{"count":183391,"A":0.00105784907656319,"H":0.005300151043399076,"L":0.13224749306127345,"R":0.11483660594031332,"S":0.07629600143954719,"B":0.04428243479778179,"C":0.05889601997917019,"F":0.008811773751165543,"K":0.011707226635985408,"M":0.042270340420195104,"N":0.12882856846846355,"P":0.03773358561761482,"T":0.15976247471249952,"X":0.004678528390160913,"Y":0.011369151157908512,"D":0.03647398182026381,"I":0.02878549110916021,"U":0.020682585295897837,"Z":0.006139886908299753,"E":0.011276453042951945,"G":0.03250977419829763,"J":0.0011450943612281955,"W":0.009111679417201498,"V":0.013533924783658958,"Q":0.0013086792699750806,"O":0.0009542453010234962},"H":{"count":57556,"E":0.23434568072833414,"I":0.17560289109736604,"S":0.024080895128222948,"H":0.001042462992563764,"L":0.019007575231079297,"M":0.010389881159218848,"Y":0.06901105010772117,"O":0.1709986795468761,"A":0.15669956216554312,"T":0.03096115087914379,"U":0.03382792410869414,"K":0.001025088609354368,"R":0.04049968726110223,"C":0.0018764333866147752,"B":0.004274098269511433,"N":0.013326151921606784,"D":0.001320453123914101,"F":0.0030231426784349154,"G":0.001007714226144972,"P":0.002084925985127528,"W":0.004951699214677879,"V":0.00024324136493154494,"Q":0.00012162068246577247,"J":0.00017374383209396068,"Z":0.0001042462992563764},"E":{"count":248232,"D":0.10369734764252796,"S":0.22966418511714848,"L":0.05051322955944439,"R":0.19451158593573753,"E":0.024340133423571497,"N":0.10262174095201264,"M":0.03250588159463728,"Y":0.0058372812530213675,"V":0.009801314898965484,"A":0.041416900319056364,"C":0.03564407489767637,"G":0.012254664990815045,"I":0.01163427761126688,"T":0.04998952592735828,"B":0.008568597118824326,"F":0.011162944342389378,"P":0.021906925779109864,"O":0.012234522543427117,"U":0.008745850655838086,"W":0.007968352186664088,"Q":0.002400979728640949,"H":0.0037303812562441588,"X":0.014019143381997487,"Z":0.0014341422540204325,"K":0.002219697702149602,"J":0.0011763189274549616},"I":{"count":219009,"N":0.2286481377477638,"I":0.000452036217689684,"S":0.13334611819605588,"A":0.046276637033181287,"C":0.09013784821628334,"R":0.024419087800044748,"L":0.05230378660237707,"E":0.07394216676027013,"P":0.020067668451981425,"O":0.06793328128067797,"V":0.02377071261911611,"G":0.023072111191777506,"D":0.03400316881954623,"T":0.0755402746005872,"F":0.017469601705865968,"M":0.027003456478957487,"Z":0.030496463615650497,"U":0.005260057805843595,"B":0.012762032610531987,"X":0.0024839161860928088,"K":0.006702920884529859,"Q":0.0017761827139523947,"Y":0.0003561497472706601,"H":0.0009588647041902388,"J":0.0003652817920724719,"W":0.000452036217689684},"N":{"count":151966,"G":0.18856191516523432,"A":0.06957477330455497,"E":0.14464419672821552,"D":0.06326415119171394,"I":0.09284313596462367,"M":0.004290433386415382,"T":0.12021109985128252,"S":0.09413289814827001,"W":0.003698195649026756,"O":0.05883552899990788,"C":0.05649948014687496,"R":0.005468328441888317,"N":0.01804350973244015,"Y":0.006817314399273522,"U":0.01371359383019886,"L":0.006021083663451035,"K":0.012265901583248884,"P":0.005198531250411276,"Z":0.0018359369859047418,"H":0.005001118671281734,"B":0.005106405380150824,"X":0.00046720977060658305,"F":0.012562020451943198,"V":0.00682389481857784,"Q":0.0019741257912954213,"J":0.002145216693207691},"L":{"count":119464,"I":0.20093919507131855,"S":0.03457108417598607,"F":0.005717203509006897,"V":0.0058929886827830975,"L":0.10441639322306301,"Y":0.08922353177526283,"O":0.10683553204312596,"E":0.19563215696778946,"A":0.13519554007901963,"M":0.007274157905310386,"U":0.03801145114846313,"D":0.015243085783164802,"T":0.02170528360008036,"C":0.006738431661421014,"N":0.006286412643139356,"W":0.0016825152347150606,"B":0.0039007567133194938,"G":0.0042523270608718945,"K":0.006378490591307842,"H":0.001540212951181946,"P":0.006880733944954129,"R":0.0010547110426572023,"Z":0.0003850532377954865,"Q":0.00011719011585080025,"X":0.000041853612803857226,"J":0.00008370722560771445},"R":{"count":156746,"D":0.025219144348181132,"K":0.011209217460094675,"G":0.014462889005142077,"R":0.02438339734347288,"T":0.0364411213045309,"I":0.15754150026156968,"S":0.09196406925854567,"E":0.18380054355454048,"Y":0.02522552409630868,"N":0.018845775968764755,"A":0.14899901751878836,"O":0.11911627728937262,"M":0.025704005205874472,"U":0.02709479029767905,"B":0.014781876411519273,"P":0.014150281346892425,"V":0.00700496344404323,"H":0.0072154951322521785,"C":0.02176770061117987,"L":0.012083242953568192,"W":0.003732152654613196,"F":0.007132558406594108,"Z":0.0006188355683717607,"J":0.0007783292715603587,"Q":0.0007209115384124635,"X":0.000006379748127543925},"D":{"count":57634,"V":0.0045285768817017735,"W":0.0066453829336849774,"E":0.27074296422250754,"I":0.23182496443071798,"O":0.08795155637297429,"L":0.0355172294131936,"S":0.07243987923794983,"A":0.07811361349203595,"U":0.041902349307700315,"D":0.028559530832494708,"G":0.01584134365131693,"N":0.015372870180796057,"R":0.057483429919838985,"F":0.0044591734045875695,"H":0.005153208175729604,"Y":0.018322517958149702,"J":0.003001700385189298,"M":0.0070097511885345454,"P":0.0028108408231252388,"Z":0.0008328417253704411,"B":0.0060381025089356975,"T":0.0017697886664121872,"K":0.0004684734705208731,"C":0.0030711038623035015,"Q":0.00013880695422840685},"V":{"count":22482,"A":0.15585801974913263,"E":0.5100524864335914,"O":0.08077573169646829,"I":0.2226225424784272,"U":0.01570145004892803,"Y":0.0035139222489102393,"G":0.00022240014233609109,"R":0.003914242505115203,"V":0.0029801619073036205,"L":0.0009340805978115826,"N":0.0009785606262788008,"S":0.0016457610532870741,"T":0.00004448002846721822,"H":0.00004448002846721822,"Z":0.00008896005693443644,"D":0.00031136019927052754,"K":0.00022240014233609109,"Q":0.00008896005693443644},"K":{"count":19873,"S":0.1336486690484577,"A":0.08680118754088462,"E":0.3036280380415639,"I":0.21063754843254667,"N":0.03155034468877371,"T":0.009158154279675942,"O":0.03899763498213657,"H":0.016857042218084838,"K":0.006239621597141851,"R":0.01454234388366125,"V":0.0020127811603683388,"Y":0.025914557439742365,"W":0.00991294721481407,"U":0.017360237508176925,"L":0.04966537513208876,"B":0.012428923665274493,"M":0.007698887938408896,"C":0.0032204498565893422,"D":0.0034720475016353845,"F":0.007648568409399688,"G":0.0018115030443315052,"P":0.005635787249031349,"J":0.001157349167211795},"W":{"count":17804,"O":0.14749494495618962,"A":0.22230959334980904,"E":0.15811053695798696,"I":0.15530217928555382,"S":0.048696922039991014,"L":0.02836441249157493,"N":0.049651763648618286,"T":0.009716917546618737,"H":0.07127611772635363,"R":0.0337564592226466,"G":0.001965850370703213,"W":0.0024713547517411817,"Y":0.005279712424174343,"D":0.013536283981127837,"F":0.00662772410694226,"K":0.009492248932824085,"M":0.00645922264659627,"B":0.012862278139743877,"C":0.00331386205347113,"J":0.00033700292069197934,"P":0.006178386879352954,"U":0.005223545270725679,"Z":0.0014603459896652437,"V":0.00011233430689732644},"O":{"count":159969,"L":0.07802761785095862,"G":0.04700910801467784,"R":0.1206671292562934,"N":0.18097256343416537,"I":0.022123036338290544,"T":0.05201007695240953,"U":0.07729622614381536,"M":0.06387487575717796,"P":0.053266570398014614,"S":0.06146190824472241,"O":0.03883252380148654,"W":0.02439847720495846,"A":0.015721796097993988,"D":0.028755571391957193,"H":0.002913064406228707,"V":0.025436178259537784,"C":0.039463896129875164,"K":0.009245541323631454,"Y":0.005432302508611043,"X":0.007801511542861429,"E":0.011395957966856078,"B":0.02008514149616488,"Z":0.0033381467659359,"F":0.008257849958429446,"J":0.0008251598747257282,"Q":0.0013877688802205427},"G":{"count":48488,"H":0.048713083649562776,"E":0.18152945058571193,"G":0.040216135951163176,"I":0.1313727107737997,"S":0.08754743441676291,"L":0.077627454215476,"A":0.10862481438706484,"R":0.11330638508496947,"M":0.011590496617719848,"Y":0.024212176208546446,"N":0.03873123246988946,"O":0.06871803332783369,"U":0.053435901666391686,